id,service_id,customer_name,customer_email,customer_phone,address,description,urgency,created_at
1,1,fbhahebeif,giogle@gmail.com,fbuesabfiuae,bfbuiaeb,bfuaebuf,Medium,2025-03-24 07:26:52.163156
2,1,fvdwv,dve@gmail.com,4546456456564,dfgegegeg,,Medium,2025-10-09 14:34:54.551788
3,5,fvdwv,dve@gmail.com,4546456456564,dfgegegeg,,Medium,2025-10-09 14:53:14.928995
4,2,vsubviu,sdscs@gmail.com,747848r8r,sdvdsv,,Medium,2025-10-09 15:04:27.186810
5,1, fvkdkv i,acfavc@gmail.com,4546456456564,fe,,Medium,2025-10-09 15:13:35.577583
6,2,sbvsgw,efwef@gmail.com,4534455353,wwfef,,Medium,2025-10-09 15:17:15.619757
7,1,newcus,bcdbif@gmail.com,4673450043750,dvdffvsdv,,Medium,2025-10-11 06:49:06.758378
8,2,rohit,vdvdv@gmail.com,859t50r303,sfvdesv,,Medium,2025-10-11 06:53:13.352105
9,2,newcustomer,1234@gmail.com,747848r8r,dfgegegeg,,Medium,2025-10-11 13:23:51.154323
10,1,qwert,we@gmail.com,,,,Medium,2025-10-15 05:39:56.120718
